SL.,AGE,GENDER,MARITAL_STATUS,KEY_COMPLAINTS _CODE,BODY_WEIGHT,BODY_HEIGHT,HR_PULSE,BP_HIGH,BP_LOW,RR,PAST_MEDICAL_HISTORY_CODE,HB,UREA,CREATININE,MODE_OF_ARRIVAL,STATE_AT_TIME_OF_ARRIVAL,TYPE_OF_ADMSN,TOTAL_COST_TO_HOSPITAL ,TOTAL AMOUNT BILLEDTO THE PATIENT,CONCESSION,ACTUAL RECEIVABLE AMOUNT,TOTAL LENGTH OF STAY,LENGTH OF STAY - ICU,LENGTH OF STAY- WARD,IMPLANT USED (Y/N),COST OF IMPLANT
1,58,M,MARRIED,other- heart,49,160,118,100,80,32,,11,33,0.8,AMBULANCE,ALERT,EMERGENCY,660293,474901,0,474901,25,12,13,Y,38000
2,59,M,MARRIED,CAD-DVD,41,155,78,70,50,28,,11,95,1.7,AMBULANCE,ALERT,EMERGENCY,809130,944819,96422,848397,41,20,21,Y,39690
3,82,M,MARRIED,CAD-TVD,47,164,100,110,80,20,Diabetes2,12,15,0.8,WALKED IN,ALERT,ELECTIVE,362231,390000,30000,360000,18,9,9,N,0
4,46,M,MARRIED,CAD-DVD,80,173,122,110,80,24,hypertension1,12,74,1.5,AMBULANCE,ALERT,EMERGENCY,629990,324910,0,324910,14,13,1,Y,89450
5,60,M,MARRIED,CAD-DVD,58,175,72,180,100,18,Diabetes2,10,48,1.9,AMBULANCE,ALERT,EMERGENCY,444876,254673,10000,244673,24,12,12,N,0
6,75,M,MARRIED,CAD-DVD,45,140,130,215,140,42,,12,29,1,AMBULANCE,ALERT,EMERGENCY,372357,499987,0,499987,31,9,22,N,0
7,73,M,MARRIED,CAD-TVD,60,170,108,160,90,24,Diabetes2,15,31,1.6,WALKED IN,ALERT,ELECTIVE,887350,660504,504,660000,15,15,0,N,0
8,71,M,MARRIED,CAD-TVD,44,164,60,130,90,22,,10,37,1.5,WALKED IN,ALERT,EMERGENCY,389827,248580,0,248580,24,11,13,N,0
9,72,M,MARRIED,CAD-DVD,72,174,95,100,50,25,Diabetes2,10,32,1.2,AMBULANCE,ALERT,EMERGENCY,437529.07,691297,0,691297,26,9,17,N,0
10,61,M,MARRIED,CAD-TVD,77,175,66,140,90,22,,14,15,0.4,WALKED IN,ALERT,ELECTIVE,364222,247654,0,247654,20,4,16,N,0
11,61,M,MARRIED,CAD-DVD,64,170,99,140,80,24,hypertension1,13,15,1,WALKED IN,ALERT,ELECTIVE,514524,282000,15000,267000,21,10,11,Y,39690
12,45,F,MARRIED,other- heart,50,151,60,110,60,19,,13,30,0.9,WALKED IN,ALERT,ELECTIVE,539976,194000,10000,184000,27,22,5,Y,20900
13,40,M,MARRIED,RHD,71,165,100,110,70,22,,13,32,0.9,WALKED IN,ALERT,ELECTIVE,711616,556175,174,556001,17,10,7,Y,196848
14,64,M,MARRIED,,56,168,105,130,80,22,,14,2,1,WALKED IN,ALERT,ELECTIVE,420040,394445,0,394445,21,10,11,N,0
15,68,F,UNMARRIED,CAD-DVD,51,123,66,120,80,20,hypertension3,13,21,0.7,AMBULANCE,ALERT,EMERGENCY,495968.7,161250,0,161250,16,16,0,N,0
16,78,F,MARRIED,CAD-DVD,70,154,63,150,90,20,hypertension2,10,25,1,WALKED IN,ALERT,ELECTIVE,157763,180000,0,180000,9,4,3,N,0
17,65,M,MARRIED,CAD-DVD,65,140,93,140,80,18,Diabetes1,13,15,1,AMBULANCE,ALERT,EMERGENCY,501897,388017,12017,376000,18,12,6,N,0
18,59,F,MARRIED,RHD,47,150,60,130,90,24,hypertension1,12,15,0.7,WALKED IN,ALERT,ELECTIVE,343984,89050,0,89050,17,5,12,Y,20800
19,76,M,MARRIED,CAD-TVD,67,172,80,130,80,20,,15,43,0.9,WALKED IN,ALERT,ELECTIVE,449395,318890,0,318890,27,13,14,N,0
20,47,M,MARRIED,CAD-DVD,59,160,80,110,80,20,,14,15,0.6,WALKED IN,ALERT,ELECTIVE,214716,307622,0,307622,10,2,8,N,0
21,54,F,MARRIED,CAD-DVD,51,147,110,100,70,26,Diabetes1,11,16,0.5,WALKED IN,ALERT,ELECTIVE,341109,250001,0,250001,16,10,6,N,0
22,62,M,MARRIED,CAD-TVD,74,160,60,160,70,24,Diabetes2,10,31,1.1,WALKED IN,ALERT,ELECTIVE,288960,237964,0,237964,9,8,1,N,0
23,60,M,MARRIED,CAD-DVD,73,172,104,120,80,24,Diabetes1,15,15,1.1,WALKED IN,ALERT,ELECTIVE,348687,186500,0,186500,13,6,7,Y,38000
24,70,M,MARRIED,CAD-DVD,60,158,81,90,60,18,Diabetes1,11,36,1.8,AMBULANCE,ALERT,EMERGENCY,345590,292399,0,292399,23,9,14,N,0
25,60,F,MARRIED,CAD-TVD,53,155,85,110,70,30,Diabetes2,10,36,1.4,AMBULANCE,ALERT,EMERGENCY,361738,170304,0,170304,11,11,0,Y,38000
26,88,M,MARRIED,CAD-TVD,62,162,92,140,100,22,hypertension1,12,52,1.2,AMBULANCE,ALERT,EMERGENCY,305193,307256,6000,301256,16,9,7,N,0
27,15,M,UNMARRIED,RHD,44,170,134,110,70,40,,10,,,AMBULANCE,ALERT,EMERGENCY,404644,223000,37500,185500,22,10,12,Y,41800
28,47,M,MARRIED,CAD-TVD,73,171,87,100,70,22,Diabetes2,15,76,2.3,AMBULANCE,ALERT,EMERGENCY,278213.73,121000,0,121000,15,6,10,N,0
29,70,M,MARRIED,CAD-DVD,68,163,78,130,80,20,hypertension1,9,35,2,WALKED IN,ALERT,ELECTIVE,355276,415324,10000,405324,22,9,13,N,0
30,61,M,MARRIED,CAD-TVD,60,169,60,130,70,24,,12,18,0.7,WALKED IN,ALERT,ELECTIVE,229289,247531,0,247531,12,5,7,N,0
31,46,M,MARRIED,CAD-DVD,53,159,96,140,90,20,hypertension1,15,20,1,WALKED IN,ALERT,ELECTIVE,247473,127350,0,127350,15,4,11,N,0
32,56,M,MARRIED,CAD-SVD,61,163,73,100,60,24,hypertension1,16,28,1,WALKED IN,ALERT,ELECTIVE,395163,348133,123132,225001,15,4,11,Y,39690
33,61,M,MARRIED,CAD-TVD,65,170,76,140,80,26,hypertension1,13,66,1.9,AMBULANCE,ALERT,EMERGENCY,418429,325250,30250,295000,12,11,1,Y,38000
34,7,M,UNMARRIED,other- respiratory,7,68,155,91,45,30,,13,16,,WALKED IN,ALERT,ELECTIVE,359280,240800,42350,198450,22,12,10,N,0
35,70,M,MARRIED,other- heart,60,160,43,140,60,13,hypertension1,12,,5.2,AMBULANCE,CONFUSED,EMERGENCY,349318,264406,0,264406,11,5,6,Y,56000
36,0.83,M,UNMARRIED,other- heart,6,68,120,,,22,,10,24,0.3,WALKED IN,ALERT,ELECTIVE,551809,153700,37500,116200,32,30,2,N,0
37,0.83,M,MARRIED,CAD-TVD,78,173,82,130,80,24,Diabetes2,13,82,2,WALKED IN,ALERT,ELECTIVE,293127,431112,0,431112,12,5,7,N,0
38,63,F,MARRIED,other- heart,59,162,76,150,80,15,hypertension3,12,28,1,WALKED IN,ALERT,ELECTIVE,260036,346847,600,346247,16,5,11,N,0
39,55,M,MARRIED,CAD-TVD,76,155,72,130,80,28,hypertension2,13,15,,WALKED IN,ALERT,ELECTIVE,163765,180000,0,180000,10,1,9,N,0
40,67,M,MARRIED,,57,167,90,120,80,24,,15,24,1,WALKED IN,ALERT,ELECTIVE,162364,223407,10000,213407,13,4,9,N,0
41,62,M,MARRIED,CAD-TVD,72,172,63,110,70,26,,13,17,1,WALKED IN,ALERT,ELECTIVE,144037.23,180000,15000,165000,8,1,7,N,0
42,69,M,MARRIED,other- heart,73,160,67,140,80,29,hypertension3,12,27,1,AMBULANCE,ALERT,EMERGENCY,183204,241949,0,241949,13,6,7,N,0
43,67,F,MARRIED,other- respiratory,59,138,88,160,70,28,hypertension2,10,37,1,TRANSFERRED,ALERT,ELECTIVE,164962,250000,0,250000,12,2,10,N,0
44,50,M,MARRIED,,65,155,59,120,70,20,,16,26,1,AMBULANCE,ALERT,EMERGENCY,178100,305000,0,305000,14,3,11,N,0
45,3,M,UNMARRIED,other- respiratory,10,85,120,88,44,24,,8,18,,WALKED IN,ALERT,ELECTIVE,169726.43,150000,37500,112500,11,2,9,N,0
46,78,M,MARRIED,,48,158,88,120,70,20,hypertension1,12,18,1,WALKED IN,ALERT,ELECTIVE,164719,222623,0,222623,11,4,7,N,0
47,39,F,MARRIED,,77,153,86,130,80,26,,13,21,1,WALKED IN,ALERT,ELECTIVE,133130,127350,0,127350,8,2,6,N,0
48,64,M,MARRIED,,68,162,60,130,90,24,hypertension1,14,22,1,WALKED IN,ALERT,ELECTIVE,146308.6,116701,0,116701,9,2,7,N,0
49,53,M,MARRIED,,55,156,80,140,80,20,hypertension3,13,20,1,WALKED IN,ALERT,ELECTIVE,134497.65,280000,10000,270000,8,2,6,N,0
50,1,M,UNMARRIED,other-nervous,5,66,100,100,70,24,,10,50,,WALKED IN,ALERT,ELECTIVE,206500.95,150000,37500,112500,15,6,9,N,0
51,55,M,MARRIED,,78,163,100,140,90,22,,15,24,1,WALKED IN,ALERT,ELECTIVE,120131,180000,0,180000,8,1,7,N,0
52,56,M,MARRIED,,56,162,82,150,80,24,hypertension2,10,42,3,TRANSFERRED,ALERT,ELECTIVE,176340.75,355000,20000,335000,14,2,12,N,0
53,71,M,MARRIED,CAD-DVD,56,160,72,130,70,20,hypertension1,13,24,1,WALKED IN,ALERT,ELECTIVE,138923,192000,0,192000,9,2,7,N,0
54,48,M,MARRIED,,64,158,74,120,70,22,hypertension2,12,28,1,WALKED IN,ALERT,ELECTIVE,162957.32,250000,0,250000,9,2,7,N,0
55,53,M,MARRIED,,59,159,68,130,80,16,hypertension3,14,19,1,WALKED IN,ALERT,ELECTIVE,133009,180000,30000,150000,9,2,7,N,0
56,69,M,MARRIED,,56,166,84,120,70,24,Hypertension1,8,16,1,WALKED IN,ALERT,ELECTIVE,163483,180000,30000,150000,9,2,7,N,0
57,25,M,MARRIED,other- heart,47,170,78,130,90,24,,16,17,1,WALKED IN,ALERT,ELECTIVE,131837,150000,20000,130000,7,1,6,N,0
58,10,M,UNMARRIED,,6,64,96,87,57,26,other,12,67,1,WALKED IN,ALERT,ELECTIVE,163372,150000,37500,112500,13,3,10,N,0
59,12,F,UNMARRIED,,32,149,82,100,50,24,,9,15,,WALKED IN,ALERT,ELECTIVE,128104.37,150000,37500,112500,6,2,4,N,0
60,10,F,UNMARRIED,,23,137,90,90,60,22,,11,18,,WALKED IN,ALERT,ELECTIVE,115908,150000,37500,112500,9,1,8,N,0
61,14,F,UNMARRIED,,49,149,111,100,80,26,,12,33,,WALKED IN,ALERT,ELECTIVE,129474.64,150000,37500,112500,7,3,4,N,0
62,7,M,UNMARRIED,,19,107,100,103,76,26,,14,17,,WALKED IN,ALERT,ELECTIVE,152184,150000,37500,112500,10,2,8,N,0
63,13,M,UNMARRIED,,22,133,90,110,60,32,,11,18,1,WALKED IN,ALERT,ELECTIVE,122892,150000,37500,112500,9,1,8,N,0
64,12,F,UNMARRIED,other- heart,35,140,102,100,70,26,,13,18,,WALKED IN,ALERT,ELECTIVE,124804,163940,0,163940,9,1,8,N,0
65,11,M,UNMARRIED,,26,140,90,,,20,,12,18,1,WALKED IN,ALERT,ELECTIVE,142552,154000,30000,124000,8,1,7,N,0
66,5,M,UNMARRIED,other- respiratory,15,105,115,113,70,26,,10,16,,WALKED IN,ALERT,ELECTIVE,128196,150000,37500,112500,7,1,6,N,0
67,33,F,MARRIED,,63,147,68,120,80,24,,13,17,1,AMBULANCE,ALERT,EMERGENCY,109085.84,106156,0,106156,8,1,7,N,0
68,21,F,UNMARRIED,,51,153,74,110,70,24,,12,25,1,WALKED IN,ALERT,ELECTIVE,109452,47700,0,47700,6,1,5,N,0
69,3,M,UNMARRIED,other- respiratory,13,85,120,120,80,24,,12,27,,WALKED IN,ALERT,ELECTIVE,125643,150000,37500,112500,9,1,8,N,0
70,12,M,UNMARRIED,,25,134,92,110,56,24,,11,17,1,WALKED IN,ALERT,ELECTIVE,120064,150000,37500,112500,6,1,5,N,0
71,12,M,UNMARRIED,,27,144,72,100,60,22,,12,18,1,WALKED IN,ALERT,ELECTIVE,114580,150000,37500,112500,7,1,6,N,0
72,5,F,UNMARRIED,other- respiratory,15,117,80,110,80,24,,11,25,,WALKED IN,ALERT,ELECTIVE,119935.36,150000,0,150000,7,1,6,N,0
73,14,F,UNMARRIED,,49,149,111,100,80,26,,12,33,,WALKED IN,ALERT,ELECTIVE,129474.64,150000,37500,112500,7,3,4,N,0
74,7,M,UNMARRIED,,19,107,100,103,76,26,,14,17,,WALKED IN,ALERT,ELECTIVE,152184,150000,37500,112500,10,2,8,N,0
75,13,M,UNMARRIED,,22,133,90,110,60,32,,11,18,1,WALKED IN,ALERT,ELECTIVE,122892,150000,37500,112500,9,1,8,N,0
76,5,M,UNMARRIED,other- respiratory,15,105,115,113,70,26,,10,16,,WALKED IN,ALERT,ELECTIVE,128196,150000,37500,112500,7,1,6,N,0
77,33,F,MARRIED,,63,147,68,120,80,24,,13,17,1,AMBULANCE,ALERT,EMERGENCY,109085.84,106156,0,106156,8,1,7,N,0
78,3,M,UNMARRIED,other- respiratory,13,84,120,120,80,24,,12,27,,WALKED IN,ALERT,ELECTIVE,125643,150000,37500,112500,9,1,8,N,0
79,12,M,UNMARRIED,,25,134,92,110,56,24,,11,17,1,WALKED IN,ALERT,ELECTIVE,120064,150000,37500,112500,6,1,5,N,0
80,12,M,UNMARRIED,,27,144,72,100,60,22,,12,18,1,WALKED IN,ALERT,ELECTIVE,114580,150000,37500,112500,7,1,6,N,0
81,5,F,UNMARRIED,other- respiratory,15,117,80,110,80,24,,11,25,,WALKED IN,ALERT,ELECTIVE,119935.36,150000,0,150000,7,1,6,N,0
82,51,M,MARRIED,CAD-DVD,56,148,69,100,70,23,hypertension1,14,29,1.1,AMBULANCE,ALERT,EMERGENCY,199268,127350,0,127350,12,4,8,N,0
83,51,F,MARRIED,RHD,58,153,90,130,80,24,,8,,,WALKED IN,ALERT,ELECTIVE,341011,267000,20000,247000,10,3,7,Y,51450
84,62,F,MARRIED,RHD,45,155,87,130,68,24,,10,143,2.5,AMBULANCE,ALERT,EMERGENCY,334955,207350,7350,200000,19,5,14,Y,41800
85,7,F,UNMARRIED,other- heart,20,114,132,90,60,26,,17,18,0.6,WALKED IN,ALERT,ELECTIVE,258138,147257,0,147257,23,4,19,Y,26000
86,19,F,UNMARRIED,RHD,50,156,72,110,70,22,,12,15,0.5,WALKED IN,ALERT,ELECTIVE,275888,197000,0,197000,13,2,11,Y,41800
87,0.58,F,UNMARRIED,other- respiratory,6,57,150,,,28,,11,38,0.5,WALKED IN,ALERT,ELECTIVE,308817,150000,41275,108725,27,12,15,N,0
88,42,M,MARRIED,RHD,45,172,127,100,70,23,,13,21,0.7,WALKED IN,ALERT,ELECTIVE,294615.9,330827,22000,308827,15,5,10,Y,41800
89,16,F,UNMARRIED,other- heart,31,150,72,110,70,22,,21,29,0.3,WALKED IN,ALERT,ELECTIVE,156576.85,150000,37500,112500,12,2,10,N,0
90,3,F,UNMARRIED,other- heart,9,81,99,,,20,,13,17,0.3,WALKED IN,ALERT,ELECTIVE,109575.6,72000,18000,54000,18,1,17,N,0
91,2,F,UNMARRIED,other-tertalogy,12,86,104,95,39,24,,16,,,WALKED IN,ALERT,ELECTIVE,209292,200000,20000,180000,19,2,17,N,0
92,3,M,UNMARRIED,ACHD,13,85,140,90,60,24,other,11,15,0.3,WALKED IN,ALERT,ELECTIVE,195136,105475,0,105475,12,3,9,N,0
93,1,M,UNMARRIED,other- heart,6,65,116,80,42,34,,10,25,0.3,WALKED IN,ALERT,ELECTIVE,265243,150000,37500,112500,18,15,3,N,0
94,65,F,MARRIED,ACHD,43,155,101,130,90,24,,15,99,1.2,AMBULANCE,ALERT,EMERGENCY,201219,165089,0,165089,8,2,6,Y,30870
95,7,M,UNMARRIED,other- heart,14,112,80,,,22,,13,29,1.2,WALKED IN,ALERT,ELECTIVE,179720,105437,0,105437,8,4,4,N,0
96,70,M,MARRIED,CAD-SVD,58,171,68,130,70,20,hypertension1,10,53,1.2,WALKED IN,ALERT,ELECTIVE,143278.83,218707,0,218707,19,1,18,N,0
97,49,M,MARRIED,ACHD,56,155,84,110,70,24,,12,29,0.6,WALKED IN,ALERT,ELECTIVE,214679,155359,0,155359,14,4,10,Y,30870
98,2,F,UNMARRIED,other- heart,8,80,112,89,56,30,,25,35,0.4,WALKED IN,ALERT,ELECTIVE,165000,150000,37500,112500,20,3,17,N,0
99,55,M,MARRIED,CAD-DVD,59,171,84,160,110,20,hypertension1,13,14,,WALKED IN,ALERT,ELECTIVE,262582,260000,32000,228000,9,2,7,Y,39690
100,1,M,UNMARRIED,other- heart,11,76,102,102,64,28,,13,19,0.3,WALKED IN,ALERT,ELECTIVE,208535.71,150000,37500,112500,14,4,10,N,0
101,2,M,UNMARRIED,ACHD,9,81,119,110,60,32,other,10,16,0.4,WALKED IN,ALERT,ELECTIVE,179613.25,150000,37500,112500,18,2,16,N,0
102,8,M,UNMARRIED,other-tertalogy,17,128,82,90,60,28,,16,19,0.4,WALKED IN,ALERT,ELECTIVE,151156.52,147400,21900,125500,10,2,8,N,0
103,2,M,UNMARRIED,other-nervous,10,74,98,90,50,24,,10,23,0.3,WALKED IN,ALERT,ELECTIVE,189701.55,150000,37500,112500,15,4,11,N,0
104,3,M,UNMARRIED,other-tertalogy,13,88,120,112,80,22,other,21,20,0.3,WALKED IN,ALERT,ELECTIVE,169951,150000,37500,112500,11,2,9,N,0
105,46,F,MARRIED,RHD,54,167,110,130,90,24,,11,26,0.9,WALKED IN,ALERT,ELECTIVE,220519,191885,0,191885,11,1,10,Y,51450
106,45,F,MARRIED,other- heart,41,152,88,110,70,20,,13,38,0.8,WALKED IN,ALERT,ELECTIVE,139723,116591,0,116591,7,3,4,N,0
107,48,F,MARRIED,ACHD,42,154,76,120,70,24,,11,16,0.4,WALKED IN,ALERT,ELECTIVE,119685.64,68265,0,68265,6,2,4,N,0
108,41,F,MARRIED,RHD,64,162,62,110,70,22,,14,56,1.1,WALKED IN,ALERT,ELECTIVE,253471,229537,0,229537,10,1,9,Y,82320
109,7,M,UNMARRIED,other- heart,16,106,90,110,70,22,other,11,27,0.3,WALKED IN,ALERT,ELECTIVE,129684,150000,37500,112500,8,1,7,N,0
110,4,F,UNMARRIED,other- heart,11,93,104,96,50,24,,16,30,0.5,WALKED IN,ALERT,ELECTIVE,167122,150000,37500,112500,9,2,7,N,0
111,69,M,MARRIED,other- heart,60,185,90,120,90,22,,10,33,1.3,WALKED IN,ALERT,ELECTIVE,276458,241000,0,241000,6,5,1,Y,38000
112,6,M,UNMARRIED,ACHD,18,115,75,110,72,22,,10,18,0.3,WALKED IN,ALERT,ELECTIVE,150337,150000,37500,112500,9,2,7,N,0
113,44,F,MARRIED,ACHD,60,157,86,150,80,22,hypertension2,15,21,,WALKED IN,ALERT,ELECTIVE,138093.02,159000,20000,139000,7,2,5,N,0
114,9,F,UNMARRIED,other- heart,5,71,104,100,60,24,,12,47,0.5,WALKED IN,ALERT,ELECTIVE,178398,105494,0,105494,12,3,9,N,0
115,36,M,MARRIED,RHD,50,168,60,120,80,24,,13,21,1.1,WALKED IN,ALERT,ELECTIVE,180870,202880,65379,137501,8,1,7,Y,20900
116,37,M,MARRIED,other- heart,46,62,96,140,90,20,,5,,,WALKED IN,ALERT,ELECTIVE,182651,235002,0,235002,10,2,8,Y,56000
117,16,F,UNMARRIED,other- heart,41,162,74,100,70,24,,12,19,0.4,WALKED IN,ALERT,ELECTIVE,323960,213005,0,213005,12,2,10,Y,77450
118,5,M,UNMARRIED,other- heart,3,22,140,102,80,30,other,13,26,0.3,WALKED IN,ALERT,ELECTIVE,159327.38,150000,37500,112500,19,4,15,N,0
119,5,M,UNMARRIED,other- respiratory,15,98,123,90,50,24,,23,19,0.3,WALKED IN,ALERT,ELECTIVE,131430,163200,40800,122400,11,3,8,N,0
120,3,F,UNMARRIED,other-tertalogy,10,85,116,84,70,24,,19,23,0.3,WALKED IN,ALERT,ELECTIVE,180415.67,150000,37500,112500,13,3,10,N,0
121,51,M,MARRIED,CAD-TVD,64,168,80,130,70,24,hypertension2,11,17,0.8,WALKED IN,ALERT,ELECTIVE,139067,180000,30000,150000,7,3,4,N,0
122,24,F,MARRIED,RHD,43,159,68,110,70,22,,,,,WALKED IN,ALERT,ELECTIVE,197865,257131,20000,237131,11,1,10,Y,20900
123,8,M,UNMARRIED,other- heart,18,117,83,98,70,24,,9,25,0.9,WALKED IN,ALERT,ELECTIVE,144900.3,105485,0,105485,14,1,13,N,0
124,4,M,UNMARRIED,other- heart,15,99,102,100,53,24,,12,34,0.3,WALKED IN,ALERT,ELECTIVE,202633.9,175200,37500,137700,9,3,6,Y,21498
125,46,F,MARRIED,RHD,43,147,97,110,80,22,,13,46,0.6,WALKED IN,ALERT,ELECTIVE,232676,212502,0,212502,10,2,8,Y,51450
126,48,M,MARRIED,OS-ASD,60,155,60,100,60,24,,15,,0.7,WALKED IN,ALERT,ELECTIVE,127899,172000,2000,170000,6,1,5,N,0
127,8,M,UNMARRIED,other- heart,18,118,106,130,80,24,,13,18,0.7,WALKED IN,ALERT,ELECTIVE,145362,150000,37500,112500,8,2,6,N,0
128,7,M,UNMARRIED,other- respiratory,19,115,80,100,70,24,,13,16,0.4,WALKED IN,ALERT,ELECTIVE,165335.52,150000,37500,112500,15,2,13,N,0
129,16,M,UNMARRIED,RHD,40,160,120,130,80,24,,10,36,0.8,WALKED IN,ALERT,ELECTIVE,233266,197000,0,197000,9,3,6,Y,41600
130,1,M,UNMARRIED,PM-VSD,10,29,92,80,60,24,,13,29,0.3,WALKED IN,ALERT,ELECTIVE,153445,105489,0,105489,13,1,12,N,0
131,14,F,UNMARRIED,RHD,36,160,125,,,26,,10,33,0.8,WALKED IN,ALERT,ELECTIVE,135216,150000,37500,112500,11,1,10,N,0
132,12,F,UNMARRIED,ACHD,41,154,84,,,20,,12,18,0.7,WALKED IN,ALERT,ELECTIVE,117185,150000,37500,112500,7,1,6,N,0
133,16,F,UNMARRIED,,45,163,85,120,80,20,hypertension2,13,24,0.5,WALKED IN,ALERT,ELECTIVE,108989,105650,0,105650,9,1,8,N,0
134,12,F,UNMARRIED,other- heart,32,151,102,180,130,24,,18,15,0.4,WALKED IN,ALERT,ELECTIVE,148652,150000,37500,112500,8,2,6,N,0
135,2,F,UNMARRIED,ACHD,7,77,126,99,57,30,other,11,40,0.4,WALKED IN,ALERT,ELECTIVE,79302,72000,18000,54000,8,2,6,N,0
136,6,M,UNMARRIED,other-tertalogy,16,105,110,100,60,20,hypertension2,19,21,0.3,WALKED IN,ALERT,ELECTIVE,147132,150000,37500,112500,9,1,8,N,0
137,5,M,UNMARRIED,ACHD,15,105,124,109,71,26,,10,32,0.3,WALKED IN,ALERT,ELECTIVE,131738.27,150000,37500,112500,8,1,7,N,0
138,8,F,UNMARRIED,other-tertalogy,21,127,110,100,60,24,,19,15,0.3,WALKED IN,ALERT,ELECTIVE,146355,150000,37500,112500,11,2,9,N,0
139,11,M,UNMARRIED,other- heart,16,120,98,90,50,24,,20,29,0.3,WALKED IN,ALERT,ELECTIVE,97060.8,150000,37500,112500,10,1,9,N,0
140,55,F,MARRIED,other- heart,60,160,92,150,80,20,Diabetes1,8,24,0.7,WALKED IN,ALERT,ELECTIVE,84002.5,212000,30000,182000,7,1,6,N,0
141,1,M,UNMARRIED,other- heart,8,72,120,70,50,24,hypertension2,19,15,0.3,WALKED IN,ALERT,ELECTIVE,106070,150000,37500,112500,10,1,9,N,0
142,14,F,UNMARRIED,OS-ASD,37,155,84,90,60,22,,11,16,0.4,WALKED IN,ALERT,ELECTIVE,123187.9,150000,37500,112500,7,2,6,N,0
143,6,F,UNMARRIED,other- heart,18,120,82,113,73,24,,,,,WALKED IN,ALERT,ELECTIVE,120367.81,105235,0,105235,7,1,6,N,0
144,8,M,UNMARRIED,other-tertalogy,22,130,98,101,70,24,other,13,28,0.7,WALKED IN,ALERT,ELECTIVE,140372,150000,37500,112500,7,2,5,N,0
145,8,M,UNMARRIED,other- heart,18,112,100,120,80,30,,26,45,0.4,WALKED IN,ALERT,ELECTIVE,102852,150000,37500,112500,13,1,12,N,0
146,1,F,UNMARRIED,other- heart,7,68,112,80,50,24,,12,15,0.3,WALKED IN,ALERT,ELECTIVE,154669,47700,0,47700,12,2,10,N,0
147,8,M,UNMARRIED,OS-ASD,24,126,100,90,60,24,,15,25,0.4,WALKED IN,ALERT,ELECTIVE,115935.54,105844,0,105844,9,1,8,N,0
148,10,M,UNMARRIED,ACHD,23,129,108,121,91,28,,12,20,0.3,WALKED IN,ALERT,ELECTIVE,113706.2,150000,37500,112500,6,0,6,N,0
149,6,M,UNMARRIED,other-tertalogy,19,111,90,120,80,28,,16,16,0.3,WALKED IN,ALERT,ELECTIVE,138769.38,150000,37500,112500,8,1,7,N,0
150,5,F,UNMARRIED,other- heart,14,109,101,112,62,22,,11,32,0.4,WALKED IN,ALERT,ELECTIVE,61340,72000,18000,54000,7,1,6,N,0
151,6,F,UNMARRIED,ACHD,17,114,88,90,50,24,,10,22,0.3,WALKED IN,ALERT,ELECTIVE,72374,72000,18000,54000,12,1,11,N,0
152,3,M,UNMARRIED,other-tertalogy,11,91,102,,,20,,11,25,0.4,WALKED IN,ALERT,ELECTIVE,143773.58,150000,37500,112500,9,1,8,N,0
153,2,M,UNMARRIED,other-tertalogy,11,98,128,120,80,24,,12,27,0.4,WALKED IN,ALERT,ELECTIVE,142326.04,150000,37500,112500,7,1,6,N,0
154,3,M,UNMARRIED,CAD-VSD,13,93,104,90,50,22,,11,28,0.3,WALKED IN,ALERT,ELECTIVE,140545,105305,0,105305,12,1,11,N,0
155,1,F,UNMARRIED,other- heart,9,78,100,84,69,30,,13,19,0.3,WALKED IN,ALERT,ELECTIVE,57140.85,65660,0,65660,8,1,7,N,0
156,5,F,UNMARRIED,other- heart,15,99,80,100,70,20,,19,16,0.4,WALKED IN,ALERT,ELECTIVE,131727,150000,37500,112500,8,1,7,N,0
157,4,F,UNMARRIED,OS-ASD,13,27,120,110,70,24,,10,18,0.3,WALKED IN,ALERT,ELECTIVE,132226,150000,37500,112500,10,2,8,N,0
158,0.03,M,UNMARRIED,other- respiratory,2,45,120,,,32,,19,27,0.5,WALKED IN,ALERT,ELECTIVE,77241,128000,24000,104000,7,1,6,N,0
159,74,M,MARRIED,other-general,64,155,102,130,70,24,other,10,111,1.9,AMBULANCE,ALERT,EMERGENCY,55885.7,62786,0,62786,8,2,6,N,0
160,12,M,UNMARRIED,other- respiratory,24,130,90,100,70,22,,13,21,0.3,WALKED IN,ALERT,ELECTIVE,49700,105000,0,105000,3,0,3,N,0
161,6,M,UNMARRIED,RHD,18,114,102,100,60,28,,12,18,0.3,WALKED IN,ALERT,ELECTIVE,155352,150000,37500,112500,11,2,9,Y,21498
162,5,M,UNMARRIED,other- heart,15,105,110,,,32,,12,32,0.2,WALKED IN,ALERT,ELECTIVE,288614.2,163200,40800,122400,25,6,20,N,0
163,6,M,UNMARRIED,other- heart,13,39,80,120,70,24,,18,15,0.3,WALKED IN,ALERT,ELECTIVE,239570.4,188476,0,188476,22,6,16,N,0
164,13,F,UNMARRIED,other-tertalogy,31,145,100,100,70,24,,23,30,0.3,WALKED IN,ALERT,ELECTIVE,170302,150000,0,150000,12,3,10,N,0
165,9,F,UNMARRIED,OS-ASD,20,50,90,110,65,24,,10,18,0.3,WALKED IN,ALERT,ELECTIVE,141232.17,47700,0,47700,12,1,12,N,0
166,51,M,MARRIED,CAD-DVD,47,152,67,100,60,12,,15,23,0.6,WALKED IN,ALERT,EMERGENCY,102537.85,117000,0,117000,11,2,9,N,0
167,74,M,MARRIED,CAD-DVD,57,157,94,120,80,20,hypertension2,11,34,1.6,AMBULANCE,ALERT,EMERGENCY,219126.24,298728,0,298728,12,6,6,N,0
168,27,M,UNMARRIED,RHD,60,166,68,120,90,25,,15,21,0.8,WALKED IN,ALERT,ELECTIVE,204852.36,182878,0,182878,10,2,9,Y,51450
169,55,M,MARRIED,CAD-DVD,65,167,74,140,100,18,Diabetes1,16,15,0.8,AMBULANCE,ALERT,EMERGENCY,253368,304196,2196,302000,16,8,8,N,0
170,70,M,MARRIED,CAD-DVD,55,168,68,140,50,22,Hypertension1,13,36,1.2,WALKED IN,ALERT,ELECTIVE,162271,150000,10000,140000,8,3,5,N,0
171,31,F,UNMARRIED,RHD,44,155,80,110,90,22,,12,53,0.6,WALKED IN,ALERT,ELECTIVE,293271,257166,0,257166,9,2,7,Y,102900
172,14,F,UNMARRIED,OS-ASD,20,122,76,110,70,22,,15,22,0.3,WALKED IN,ALERT,ELECTIVE,162957,150000,37500,112500,15,3,12,N,0
173,2,F,UNMARRIED,other- heart,9,74,110,,,24,,12,33,0.3,WALKED IN,ALERT,ELECTIVE,137273,150000,37500,112500,8,1,7,N,0
174,44,M,MARRIED,CAD-DVD,67,172,78,130,90,24,Hypertension1,14,30,0.8,WALKED IN,ALERT,ELECTIVE,199677,160591,0,658920,15,8,7,N,0
175,13,M,UNMARRIED,other-tertalogy,29,147,112,110,80,22,,23,31,0.3,WALKED IN,ALERT,ELECTIVE,161017,127350,0,127350,8,2,6,N,0
176,16,F,UNMARRIED,RHD,36,148,78,,,26,,11,15,0.5,WALKED IN,ALERT,ELECTIVE,199790,175200,37500,137700,21,1,20,Y,21498
177,65,M,MARRIED,,62,160,41,170,80,32,hypertension1,15,27,0.7,AMBULANCE,ALERT,EMERGENCY,159882,250000,0,450000,10,6,4,N,0
178,7,F,UNMARRIED,other- heart,15,19,96,100,80,24,,10,22,0.3,WALKED IN,ALERT,ELECTIVE,64929,79240,18000,61240,7,1,6,N,0
179,4,M,UNMARRIED,,10,87,120,90,40,28,,8,20,0.3,WALKED IN,ALERT,ELECTIVE,180728,55000,13750,41250,19,5,14,N,0
180,45,M,MARRIED,CAD-DVD,55,156,72,140,80,20,Diabetes1,14,27,0.6,WALKED IN,ALERT,ELECTIVE,144134,159000,0,159000,10,1,9,N,0
181,13,M,UNMARRIED,OS-ASD,22,139,80,90,80,18,,12,21,0.3,WALKED IN,ALERT,ELECTIVE,160250,150000,37500,112500,12,3,9,N,0
182,38,F,MARRIED,RHD,56,150,68,100,70,24,,12,32,0.6,WALKED IN,ALERT,ELECTIVE,193543,180000,20000,160000,9,3,6,Y,20900
183,0.42,M,UNMARRIED,other- heart,5,66,100,,,24,,20,,,WALKED IN,ALERT,ELECTIVE,233376,144955,0,144955,17,3,14,Y,26000
184,21,F,MARRIED,RHD,37,154,76,130,80,20,,13,25,0.5,WALKED IN,ALERT,ELECTIVE,166709,79200,0,79200,8,1,7,Y,20900
185,13,M,UNMARRIED,OS-ASD,25,130,118,90,60,22,,14,20,0.3,WALKED IN,ALERT,ELECTIVE,133873,106035,0,106035,11,1,10,N,0
186,11,M,UNMARRIED,OS-ASD,33,165,88,110,80,24,,12,25,0.5,WALKED IN,ALERT,ELECTIVE,133087,150000,37500,112500,8,3,5,N,0
187,57,M,MARRIED,CAD-TVD,82,165,68,130,90,20,hypertension1,15,19,1,WALKED IN,ALERT,ELECTIVE,178428,158075,0,158075,9,4,5,N,0
188,56,M,MARRIED,CAD-TVD,85,173,100,140,90,20,Diabetes2,12,19,0.8,WALKED IN,ALERT,ELECTIVE,191102,163075,10000,153075,9,4,5,N,0
189,3,M,UNMARRIED,other-tertalogy,13,88,110,,,24,,19,15,0.4,WALKED IN,ALERT,ELECTIVE,168670,150000,37500,112500,11,1,10,N,0
190,2,M,UNMARRIED,OS-ASD,11,83,96,,,28,,11,17,0.3,WALKED IN,ALERT,ELECTIVE,163914,150000,80000,70000,15,1,14,N,0
191,63,M,MARRIED,other- heart,62,172,98,130,70,20,,13,,,WALKED IN,ALERT,ELECTIVE,241130,247000,0,247000,9,2,7,Y,51450
192,68,M,MARRIED,CAD-DVD,64,154,80,160,100,20,,14,18,1.1,WALKED IN,ALERT,ELECTIVE,138535,150000,15000,135000,9,1,8,N,0
193,16,M,UNMARRIED,,43,163,84,100,80,24,,15,22,0.6,TRANSFERRED,ALERT,ELECTIVE,119348,106148,0,106148,9,2,7,N,0
194,63,M,MARRIED,CAD-TVD,54,157,76,160,90,15,Diabetes1,11,17,0.8,AMBULANCE,ALERT,EMERGENCY,154354,181063,0,181063,11,1,10,N,0
195,3,M,UNMARRIED,PM-VSD,13,53,88,100,80,18,,11,23,0.3,WALKED IN,ALERT,ELECTIVE,119877,150000,37500,112500,7,1,6,N,0
196,1,F,UNMARRIED,other- heart,9,80,100,80,40,18,,13,17,0.3,WALKED IN,ALERT,ELECTIVE,135019,150000,37500,112500,7,1,6,N,0
197,1,F,UNMARRIED,ACHD,6,72,92,100,40,24,other,13,23,0.3,WALKED IN,ALERT,ELECTIVE,176383,150000,70000,80000,16,2,14,N,0
198,2,F,UNMARRIED,other- heart,11,78,126,100,60,24,,14,18,0.3,WALKED IN,ALERT,ELECTIVE,233522,150000,37500,112500,15,5,10,N,0
199,7,M,UNMARRIED,PM-VSD,16,110,126,80,50,26,,12,27,0.3,WALKED IN,ALERT,ELECTIVE,132585,150000,37500,112500,8,3,5,N,0
200,1,M,UNMARRIED,other-tertalogy,9,29,103,,,26,,23,16,0.5,WALKED IN,ALERT,ELECTIVE,170654,105497,0,105497,13,2,11,N,0
201,9,M,UNMARRIED,ACHD,21,128,75,80,50,22,,11,25,0.5,WALKED IN,ALERT,ELECTIVE,119776,150000,37500,112500,7,2,5,N,0
202,6,F,UNMARRIED,ACHD,22,121,96,90,50,20,,13,26,0.9,WALKED IN,ALERT,ELECTIVE,109117,105765,0,105765,9,1,8,N,0
203,7,M,UNMARRIED,other- heart,24,129,104,110,60,24,,12,22,0.3,WALKED IN,ALERT,ELECTIVE,174074,150002,0,150002,9,2,7,N,0
204,10,M,UNMARRIED,PM-VSD,6,26,120,,,26,,13,15,0.3,WALKED IN,ALERT,ELECTIVE,169641,105537,0,105537,10,3,7,N,0
205,12,F,UNMARRIED,other- heart,26,55,58,90,60,26,other,15,23,0.3,WALKED IN,ALERT,ELECTIVE,58943,43641,12641,31000,5,3,2,N,0
206,1,M,UNMARRIED,other- heart,9,80,100,90,60,30,,11,23,0.3,WALKED IN,ALERT,ELECTIVE,136040,150000,37500,112500,8,1,7,N,0
207,1,F,UNMARRIED,other-nervous,8,74,100,,,24,,12,23,0.3,WALKED IN,ALERT,ELECTIVE,78215,65794,0,65794,7,2,5,N,0
208,4,M,UNMARRIED,other- heart,15,105,100,110,50,24,,13,21,0.3,WALKED IN,ALERT,ELECTIVE,73218,105500,0,105500,7,2,5,N,0
209,4,M,UNMARRIED,ACHD,14,98,93,90,60,28,,13,19,0.3,WALKED IN,ALERT,ELECTIVE,51009,65670,0,65670,6,1,5,N,0
210,61,M,MARRIED,RHD,49,160,76,90,60,24,hypertension1,14,32,0.6,WALKED IN,ALERT,ELECTIVE,210622,191821,0,191821,10,1,9,Y,51450
211,20,M,UNMARRIED,RHD,54,171,84,130,80,20,,7,,,WALKED IN,ALERT,ELECTIVE,260869,225865,0,225865,8,2,6,Y,60000
212,0.67,F,UNMARRIED,ACHD,2,47,134,,,34,,12,18,0.3,WALKED IN,ALERT,ELECTIVE,48156,65380,0,65380,6,1,5,N,0
213,3,M,UNMARRIED,other- heart,15,100,90,110,60,22,other,11,20,0.1,WALKED IN,ALERT,ELECTIVE,69509,72000,18000,54000,9,2,7,N,0
214,1,F,UNMARRIED,ACHD,10,78,112,80,40,22,,9,15,0.3,TRANSFERRED,ALERT,ELECTIVE,46093,65380,0,65380,6,1,5,N,0
215,56,M,MARRIED,CAD-TVD,78,169,70,170,110,20,Diabetes1,13,20,,WALKED IN,ALERT,ELECTIVE,188824,250000,10000,240000,9,5,4,N,0
216,45,M,MARRIED,CAD-TVD,70,160,70,130,90,24,,15,18,0.9,WALKED IN,ALERT,ELECTIVE,143482,250000,25000,225000,10,2,8,N,0
217,11,M,UNMARRIED,other-tertalogy,19,124,120,100,60,22,,24,,,WALKED IN,ALERT,ELECTIVE,220899,163200,40800,122400,17,3,14,N,0
218,58,M,MARRIED,CAD-DVD,63,156,72,140,90,14,,14,17,0.7,WALKED IN,ALERT,ELECTIVE,151931,127350,0,127350,8,2,6,N,0
219,20,F,UNMARRIED,RHD,45,147,88,120,80,22,other,12,19,0.5,WALKED IN,ALERT,ELECTIVE,156374,150002,0,150002,8,1,7,Y,20900
220,1,F,UNMARRIED,other-tertalogy,10,70,108,,,24,,12,15,0.3,WALKED IN,ALERT,ELECTIVE,238320,167702,0,167702,13,3,10,N,0
221,24,M,UNMARRIED,OS-ASD,75,158,78,120,80,20,,11,19,1.3,WALKED IN,ALERT,ELECTIVE,205998,154000,0,154000,10,3,7,N,0
222,44,M,MARRIED,,62,165,80,130,80,24,hypertension2,8,,,WALKED IN,ALERT,ELECTIVE,78251,89051,0,89051,11,1,10,N,0
223,17,M,UNMARRIED,other-tertalogy,47,158,76,130,90,22,,15,34,0.8,WALKED IN,ALERT,ELECTIVE,175576,160000,0,160000,12,2,10,N,0
224,26,M,MARRIED,other- heart,41,158,68,120,80,24,,15,18,0.8,WALKED IN,ALERT,ELECTIVE,177874,200000,10000,190000,8,2,6,Y,20900
225,0.92,F,UNMARRIED,other-tertalogy,6,76,90,,,24,,12,22,0.3,WALKED IN,ALERT,ELECTIVE,144731,150000,37500,112500,6,3,3,N,0
226,55,M,MARRIED,ACHD,55,164,96,160,90,24,,13,33,0.7,WALKED IN,ALERT,ELECTIVE,178037,167000,30000,137000,12,3,9,N,0
227,9,F,UNMARRIED,OS-ASD,23,132,100,90,60,20,,12,17,0.3,WALKED IN,ALERT,ELECTIVE,114513,150000,37500,112500,8,1,7,N,0
228,65,M,MARRIED,CAD-TVD,71,164,85,130,80,19,,14,38,1.1,AMBULANCE,ALERT,EMERGENCY,212287,205443,0,205443,11,5,6,N,0
229,4,F,UNMARRIED,PM-VSD,10,81,120,80,40,24,,12,20,0.3,WALKED IN,ALERT,ELECTIVE,145697,150000,37500,112500,7,2,5,N,0
230,0.92,M,UNMARRIED,PM-VSD,6,76,130,,,24,,11,32,0.5,WALKED IN,ALERT,ELECTIVE,146700,150000,37500,112500,7,2,5,N,0
231,7,F,UNMARRIED,OS-ASD,15,117,114,90,60,24,,12,22,0.3,WALKED IN,ALERT,ELECTIVE,133436,150000,37500,112500,13,1,12,N,0
232,65,F,MARRIED,other- heart,36,138,88,100,70,24,hypertension1,10,18.7,,WALKED IN,ALERT,ELECTIVE,147021,161022,61022,100000,16,0,16,N,0
233,59,M,MARRIED,CAD-TVD,78,160,78,140,90,24,Diabetes1,15,16,0.9,WALKED IN,ALERT,ELECTIVE,149462,150000,0,150000,9,3,6,N,0
234,50,M,UNMARRIED,CAD-DVD,64,158,82,110,60,12,hypertension2,10,28,1.2,WALKED IN,ALERT,ELECTIVE,186450,202558,558,202000,11,5,6,N,0
235,34,F,MARRIED,RHD,41,155,88,110,70,22,,13,22,,WALKED IN,ALERT,ELECTIVE,180713,87700,0,87700,10,2,8,Y,20900
236,19,M,UNMARRIED,OS-ASD,41,156,72,110,70,18,,13,25,0.7,WALKED IN,ALERT,ELECTIVE,135612,150000,30000,120000,11,2,9,N,0
237,15,M,UNMARRIED,RHD,52,170,82,130,60,24,,15,32,0.9,WALKED IN,ALERT,ELECTIVE,209886,223000,40000,183000,9,2,7,Y,41800
238,10,M,UNMARRIED,other- heart,7,75,135,,,24,,9,14,0.3,WALKED IN,ALERT,ELECTIVE,123320,150000,37500,112500,9,1,8,N,0
239,53,F,MARRIED,OS-ASD,50,164,64,110,70,24,,12,32,0.8,WALKED IN,ALERT,ELECTIVE,132997,192913,0,192913,7,2,5,N,0
240,11,F,UNMARRIED,other- respiratory,29,139,98,110,60,24,,12,26,0.4,WALKED IN,ALERT,ELECTIVE,124860,150000,30000,120000,7,2,5,N,0
241,5,M,UNMARRIED,other- heart,17,118,118,80,60,24,other,12,28,0.3,WALKED IN,ALERT,ELECTIVE,118607,150000,37500,112500,7,1,6,N,0
242,52,M,MARRIED,,54,162,80,160,90,20,,12,26,0.5,WALKED IN,ALERT,ELECTIVE,248031,190000,9999,180001,10,4,6,Y,20900
243,72,M,MARRIED,,62,165,112,160,100,21,,15,15,0.8,AMBULANCE,ALERT,EMERGENCY,73682,107182,0,107182,5,3,2,N,0
244,51,M,MARRIED,other- heart,69,176,62,130,90,24,,13,26,1.1,WALKED IN,ALERT,ELECTIVE,295155,197000,0,197000,10,3,7,Y,35000
245,58,M,MARRIED,CAD-TVD,57,159,58,100,70,24,other,11,15,0.8,WALKED IN,ALERT,ELECTIVE,200321,220000,0,220000,11,2,9,Y,26000
246,44,M,MARRIED,CAD-TVD,58,159,68,150,90,24,hypertension1,15,23,0.9,WALKED IN,ALERT,ELECTIVE,191188,150000,10000,140000,13,5,8,N,0
247,60,M,MARRIED,other- heart,65,165,98,100,60,17,,15,36,1,AMBULANCE,ALERT,EMERGENCY,202807,229920,10000,219920,9,6,3,N,0
248,30,M,MARRIED,RHD,71,180,87,130,40,20,,13,15,0.8,WALKED IN,ALERT,ELECTIVE,248112,185000,0,185000,10,4,6,Y,41800
